{
  "source_filename": "IMG_8677.JPG",
  "source_width": 4032,
  "source_height": 2268,
  "sections": [
    {
      "index": 0,
      "filename": "IMG_8677_section_0.png",
      "bounds": {
        "x": 226.8000030517578,
        "y": 678.2625122070312,
        "width": 565.1999969482422,
        "height": 795.6000366210938
      },
      "rotation_degrees": 0.0,
      "source_width": 4032,
      "source_height": 2268,
      "origin_x": 226.8000030517578,
      "origin_y": 678.2625122070312,
      "width_px": 565.1999969482422,
      "height_px": 795.6000366210938,
      "corners": [
        [
          244.8000030517578,
          1473.862548828125
        ],
        [
          792.0,
          1473.862548828125
        ],
        [
          784.7999877929688,
          689.0625
        ],
        [
          226.8000030517578,
          678.2625122070312
        ]
      ],
      "centroid_x": 512.1000366210938,
      "centroid_y": 1078.7625732421875,
      "position_rank": 1
    },
    {
      "index": 1,
      "filename": "IMG_8677_section_1.png",
      "bounds": {
        "x": 3060.0,
        "y": 685.4625244140625,
        "width": 511.199951171875,
        "height": 777.5999755859375
      },
      "rotation_degrees": 0.0,
      "source_width": 4032,
      "source_height": 2268,
      "origin_x": 3060.0,
      "origin_y": 685.4625244140625,
      "width_px": 511.199951171875,
      "height_px": 777.5999755859375,
      "corners": [
        [
          3060.0,
          707.0625
        ],
        [
          3571.199951171875,
          685.4625244140625
        ],
        [
          3567.60009765625,
          1445.0625
        ],
        [
          3070.800048828125,
          1463.0625
        ]
      ],
      "centroid_x": 3317.400146484375,
      "centroid_y": 1075.1624755859375,
      "position_rank": 0
    }
  ],
  "layout": {
    "reading_order": [
      1,
      0
    ],
    "description": "Section indices in top-to-bottom, left-to-right order by centroid.",
    "section_relations": [
      {
        "left_of": [],
        "right_of": [
          1
        ],
        "above": [],
        "below": []
      },
      {
        "left_of": [
          0
        ],
        "right_of": [],
        "above": [],
        "below": []
      }
    ]
  },
  "composite_filename": "IMG_8677_composite.png"
}