{
  "source_filename": "2017-10-22_18-45-30_011",
  "source_width": 2548.799926757812,
  "source_height": 2965.7142944335938,
  "composite_filename": "composite.png",
  "composite_width": 2548.799926757812,
  "composite_height": 2965.7142944335938,
  "composite_width_px": 2549,
  "composite_height_px": 2966,
  "scale": 1,
  "margin_px": 20,
  "margin_color": "#ffffff",
  "output_rect": {
    "x": 1032.8001573543625,
    "y": 851.168460069985,
    "width": 2508.799926757812,
    "height": 2925.7142944335938
  },
  "sections": [
    {
      "index": 1,
      "filename": "section-1.png",
      "bounds": {
        "x": 20,
        "y": 1460.9142456054683,
        "width": 2509,
        "height": 1485
      },
      "bounds_px": {
        "x": 20,
        "y": 1461,
        "width": 2509,
        "height": 1485
      },
      "corners": [
        [
          20,
          1460.9142456054683
        ],
        [
          2529,
          1460.9142456054683
        ],
        [
          2529,
          2945.9142456054683
        ],
        [
          20,
          2945.9142456054683
        ]
      ],
      "centroid_x": 1274.5,
      "centroid_y": 2203.4142456054683,
      "rotation_degrees": 0,
      "source_width": 2548.799926757812,
      "source_height": 2965.7142944335938,
      "section_type": "quad",
      "output_width_px": 2509,
      "output_height_px": 1485,
      "origin_x": 20,
      "origin_y": 1460.9142456054683,
      "width_px": 2509,
      "height_px": 1485,
      "position_rank": 0,
      "edges": [
        {
          "edge_index": 0,
          "edge_name": "top",
          "type": "internal",
          "line": {
            "type": "horizontal",
            "value": 2292.0827056754533
          },
          "aligns_with": {
            "section": 0,
            "edge": 2
          }
        },
        {
          "edge_index": 1,
          "edge_name": "right",
          "type": "outer",
          "line": {
            "type": "vertical",
            "value": 3541.6000841121745
          },
          "aligns_with": {
            "section": "boundary"
          }
        },
        {
          "edge_index": 2,
          "edge_name": "bottom",
          "type": "outer",
          "line": {
            "type": "horizontal",
            "value": 3776.882754503579
          },
          "aligns_with": {
            "section": "boundary"
          }
        },
        {
          "edge_index": 3,
          "edge_name": "left",
          "type": "outer",
          "line": {
            "type": "vertical",
            "value": 1032.8001573543625
          },
          "aligns_with": {
            "section": "boundary"
          }
        }
      ]
    },
    {
      "index": 0,
      "filename": "section-0.png",
      "bounds": {
        "x": 30.841378777668297,
        "y": 20,
        "width": 2472,
        "height": 1441
      },
      "bounds_px": {
        "x": 31,
        "y": 20,
        "width": 2472,
        "height": 1441
      },
      "corners": [
        [
          30.841378777668297,
          20
        ],
        [
          2502.841378777668,
          20
        ],
        [
          2502.841378777668,
          1461
        ],
        [
          30.841378777668297,
          1461
        ]
      ],
      "centroid_x": 1266.8413787776683,
      "centroid_y": 740.5,
      "rotation_degrees": 0,
      "source_width": 2548.799926757812,
      "source_height": 2965.7142944335938,
      "section_type": "quad",
      "output_width_px": 2472,
      "output_height_px": 1441,
      "origin_x": 30.841378777668297,
      "origin_y": 20,
      "width_px": 2472,
      "height_px": 1441,
      "position_rank": 1,
      "edges": [
        {
          "edge_index": 0,
          "edge_name": "top",
          "type": "outer",
          "line": {
            "type": "horizontal",
            "value": 851.168460069985
          },
          "aligns_with": {
            "section": "boundary"
          }
        },
        {
          "edge_index": 1,
          "edge_name": "right",
          "type": "internal",
          "line": {
            "type": "vertical",
            "value": 3515.8701967155266
          },
          "aligns_with": {
            "section": "boundary"
          }
        },
        {
          "edge_index": 2,
          "edge_name": "bottom",
          "type": "internal",
          "line": {
            "type": "horizontal",
            "value": 2292.0827056754533
          },
          "aligns_with": {
            "section": 1,
            "edge": 0
          }
        },
        {
          "edge_index": 3,
          "edge_name": "left",
          "type": "internal",
          "line": {
            "type": "vertical",
            "value": 1043.6415361320308
          },
          "aligns_with": {
            "section": "boundary"
          }
        }
      ]
    }
  ],
  "layout": {
    "reading_order": [
      1,
      0
    ],
    "section_relations": [
      {
        "left_of": [],
        "right_of": [],
        "above": [],
        "below": [
          1
        ]
      },
      {
        "left_of": [],
        "right_of": [],
        "above": [
          0
        ],
        "below": []
      }
    ],
    "section_positions": {
      "0": {
        "x": 30.841378777668297,
        "y": 20,
        "width": 2472,
        "height": 1441,
        "rotation_degrees": 0
      },
      "1": {
        "x": 20,
        "y": 1460.9142456054683,
        "width": 2509,
        "height": 1485,
        "rotation_degrees": 0
      }
    },
    "arrangement": "vertical",
    "description": "Sections stacked vertically (top to bottom).",
    "connections_description": "shared_edges = internal seams (section_a edge_name_a abuts section_b edge_name_b). outer_edges_summary = edges on the composite boundary. section_relations = left_of, right_of, above, below per section index.",
    "shared_edges": [
      {
        "section_a": 1,
        "edge_a": 0,
        "edge_name_a": "top",
        "section_b": 0,
        "edge_b": 2,
        "edge_name_b": "bottom"
      }
    ],
    "outer_edges_summary": [
      {
        "section_index": 1,
        "edge_index": 1,
        "edge_name": "right"
      },
      {
        "section_index": 1,
        "edge_index": 2,
        "edge_name": "bottom"
      },
      {
        "section_index": 1,
        "edge_index": 3,
        "edge_name": "left"
      },
      {
        "section_index": 0,
        "edge_index": 0,
        "edge_name": "top"
      }
    ],
    "sections_with_outer_edges": {
      "0": [
        "top"
      ],
      "1": [
        "right",
        "bottom",
        "left"
      ]
    },
    "inner_edges_horizontal": [
      {
        "section_a": 1,
        "section_b": 0,
        "edge_a": "top",
        "edge_b": "bottom",
        "y_value": 2292.0827056754533,
        "description": "Section 1 top abuts Section 0 bottom at y = 2292.0827056754533"
      }
    ],
    "inner_edges_vertical": [],
    "edge_alignment": {
      "description": "Section edges classified as outer (boundary) or internal (shared). Edge indices: 0=top, 1=right, 2=bottom, 3=left. shared_edges = internal connections; outer_edges_summary = edges on composite boundary.",
      "edge_index_names": {
        "0": "top",
        "1": "right",
        "2": "bottom",
        "3": "left"
      },
      "section_edges": [
        {
          "section_index": 1,
          "edge_index": 0,
          "type": "internal",
          "line": {
            "type": "horizontal",
            "value": 2292.0827056754533
          },