{
  "source_filename": "2017-10-22_18-44-37_815",
  "source_width": 3656.4570922851562,
  "source_height": 2298.742919921875,
  "composite_filename": "composite.png",
  "composite_width": 3656.4570922851562,
  "composite_height": 2298.742919921875,
  "composite_width_px": 3656,
  "composite_height_px": 2299,
  "scale": 1,
  "margin_px": 20,
  "margin_color": "#ffffff",
  "output_rect": {
    "x": 744.6857299804688,
    "y": 115.89992400558708,
    "width": 3616.4570922851562,
    "height": 2258.742919921875
  },
  "sections": [
    {
      "index": 0,
      "filename": "section-0.png",
      "bounds": {
        "x": 20,
        "y": 49.771508489530106,
        "width": 1749,
        "height": 2213
      },
      "bounds_px": {
        "x": 20,
        "y": 50,
        "width": 1749,
        "height": 2213
      },
      "corners": [
        [
          20,
          49.771508489530106
        ],
        [
          1769,
          49.771508489530106
        ],
        [
          1769,
          2262.77150848953
        ],
        [
          20,
          2262.77150848953
        ]
      ],
      "centroid_x": 894.5,
      "centroid_y": 1156.27150848953,
      "rotation_degrees": 0,
      "source_width": 3656.4570922851562,
      "source_height": 2298.742919921875,
      "section_type": "quad",
      "output_width_px": 1749,
      "output_height_px": 2213,
      "origin_x": 20,
      "origin_y": 49.771508489530106,
      "width_px": 1749,
      "height_px": 2213,
      "position_rank": 0,
      "edges": [
        {
          "edge_index": 0,
          "edge_name": "top",
          "type": "internal",
          "line": {
            "type": "horizontal",
            "value": 145.6714324951172
          },
          "aligns_with": {
            "section": "boundary"
          }
        },
        {
          "edge_index": 1,
          "edge_name": "right",
          "type": "internal",
          "line": {
            "type": "vertical",
            "value": 2493.257080078125
          },
          "aligns_with": {
            "section": 1,
            "edge": 3
          }
        },
        {
          "edge_index": 2,
          "edge_name": "bottom",
          "type": "internal",
          "line": {
            "type": "horizontal",
            "value": 2359.1572265625
          },
          "aligns_with": {
            "section": "boundary"
          }
        },
        {
          "edge_index": 3,
          "edge_name": "left",
          "type": "outer",
          "line": {
            "type": "vertical",
            "value": 744.6857299804688
          },
          "aligns_with": {
            "section": "boundary"
          }
        }
      ]
    },
    {
      "index": 1,
      "filename": "section-1.png",
      "bounds": {
        "x": 1768.5713500976562,
        "y": 20,
        "width": 1868,
        "height": 2259
      },
      "bounds_px": {
        "x": 1769,
        "y": 20,
        "width": 1868,
        "height": 2259
      },
      "corners": [
        [
          1768.5713500976562,
          20
        ],
        [
          3636.5713500976562,
          20
        ],
        [
          3636.5713500976562,
          2279
        ],
        [
          1768.5713500976562,
          2279
        ]
      ],
      "centroid_x": 2702.5713500976562,
      "centroid_y": 1149.5,
      "rotation_degrees": 0,
      "source_width": 3656.4570922851562,
      "source_height": 2298.742919921875,
      "section_type": "quad",
      "output_width_px": 1868,
      "output_height_px": 2259,
      "origin_x": 1768.5713500976562,
      "origin_y": 20,
      "width_px": 1868,
      "height_px": 2259,
      "position_rank": 1,
      "edges": [
        {
          "edge_index": 0,
          "edge_name": "top",
          "type": "outer",
          "line": {
            "type": "horizontal",
            "value": 115.89992400558708
          },
          "aligns_with": {
            "section": "boundary"
          }
        },
        {
          "edge_index": 1,
          "edge_name": "right",
          "type": "outer",
          "line": {
            "type": "vertical",
            "value": 4361.142822265625
          },
          "aligns_with": {
            "section": "boundary"
          }
        },
        {
          "edge_index": 2,
          "edge_name": "bottom",
          "type": "outer",
          "line": {
            "type": "horizontal",
            "value": 2374.6428439274623
          },
          "aligns_with": {
            "section": "boundary"
          }
        },
        {
          "edge_index": 3,
          "edge_name": "left",
          "type": "internal",
          "line": {
            "type": "vertical",
            "value": 2493.257080078125
          },
          "aligns_with": {
            "section": 0,
            "edge": 1
          }
        }
      ]
    }
  ],
  "layout": {
    "reading_order": [
      0,
      1
    ],
    "section_relations": [
      {
        "left_of": [],
        "right_of": [
          1
        ],
        "above": [],
        "below": []
      },
      {
        "left_of": [
          0
        ],
        "right_of": [],
        "above": [],
        "below": []
      }
    ],
    "section_positions": {
      "0": {
        "x": 20,
        "y": 49.771508489530106,
        "width": 1749,
        "height": 2213,
        "rotation_degrees": 0
      },
      "1": {
        "x": 1768.5713500976562,
        "y": 20,
        "width": 1868,
        "height": 2259,
        "rotation_degrees": 0
      }
    },
    "arrangement": "horizontal",
    "description": "Sections arranged in a single row (left to right).",
    "connections_description": "shared_edges = internal seams (section_a edge_name_a abuts section_b edge_name_b). outer_edges_summary = edges on the composite boundary. section_relations = left_of, right_of, above, below per section index.",
    "shared_edges": [
      {
        "section_a": 0,
        "edge_a": 1,
        "edge_name_a": "right",
        "section_b": 1,
        "edge_b": 3,
        "edge_name_b": "left"
      }
    ],
    "outer_edges_summary": [
      {
        "section_index": 0,
        "edge_index": 3,
        "edge_name": "left"
      },
      {
        "section_index": 1,
        "edge_index": 0,
        "edge_name": "top"
      },
      {
        "section_index": 1,
        "edge_index": 1,
        "edge_name": "right"
      },
      {
        "section_index": 1,
        "edge_index": 2,
        "edge_name": "bottom"
      }
    ],
    "sections_with_outer_edges": {
      "0": [
        "left"
      ],
      "1": [
        "top",
        "right",
        "bottom"
      ]
    },
    "inner_edges_horizontal": [],
    "inner_edges_vertical": [
      {
        "section_a": 0,
        "section_b": 1,
        "edge_a": "right",
        "edge_b": "left",
        "x_value": 2493.257080078125,
        "description": "Section 0 right abuts Section 1 left at x = 2493.257080078125"
      }
    ],
    "edge_alignment": {
      "description": "Section edges classified as outer (boundary) or internal (shared). Edge indices: 0=top, 1=right, 2=bottom, 3=left. shared_edges = internal connections; outer_edges_summary = edges on composite boundary.",
      "edge_index_names": {
        "0": "top",
        "1": "right",
        "2": "bottom",
        "3": "left"
      },
      "section_edges": [
        {
          "section_index": 0,
          "edge_index": 0,
          "type": "internal",
          "line": {
            "type": "horizontal",
            "value": 145.6714324951172
          },